Implementation,Operation,Avg Time (s),Std Dev (s)
Python dict,insert,187.49990699979827,3.460055654706633
Python dict,lookup,60.094031477803945,1.375392348372959
Python dict,delete,24.80022020220058,0.4871443658757611
Cython HashTable,insert,6.513154390401906,0.188808843842527
Cython HashTable,lookup,5.507516222400591,0.08558397357440262
Cython HashTable,delete,1.5590129515971056,0.03897996407545486
